{"cameraMode":{"drawMode":0,"name":"Shaded","section":"Shading Mode"},"sceneLighting":false,"audioPlay":false,"sceneViewState":{"m_AlwaysRefresh":false,"showFog":true,"showSkybox":false,"showFlares":true,"showImageEffects":true,"showParticleSystems":true,"showVisualEffectGraphs":true,"m_FxEnabled":true},"in2DMode":false,"pivot":{"x":3.4333982467651369,"y":2.4105424880981447,"z":26.404827117919923},"rotation":{"x":0.0034182430244982244,"y":0.9818207025527954,"z":-0.18934635818004609,"w":0.017165983095765115},"size":5.3039069175720219,"orthographic":false}