{"cameraMode":{"drawMode":0,"name":"Shaded","section":"Shading Mode"},"sceneLighting":false,"audioPlay":false,"sceneViewState":{"m_AlwaysRefresh":false,"showFog":true,"showSkybox":false,"showFlares":true,"showImageEffects":true,"showParticleSystems":true,"showVisualEffectGraphs":true,"m_FxEnabled":true},"in2DMode":false,"pivot":{"x":0.06804203987121582,"y":0.831046462059021,"z":0.158025860786438},"rotation":{"x":-0.05546802282333374,"y":0.6634686589241028,"z":-0.049504466354846957,"w":-0.7445411682128906},"size":1.4577995538711548,"orthographic":false}